Day,Samples,Mean,Median,Stdev
19870701,507925,17.1614570618,19.4480895996,9.75336647034
19870702,507997,17.1673278809,19.4504089355,9.77607154846
19870703,508413,17.1248054504,19.3780822754,9.79428958893
19870704,508125,17.1257266998,19.332244873,9.77617359161
19870705,508286,17.1514015198,19.2680969238,9.70924186707
19870706,508421,17.1845703125,19.2625427246,9.62026977539
19870707,508437,17.2099952698,19.1461181641,9.58412265778
19870708,508186,17.2394523621,19.2438659668,9.59068202972
19870709,507968,17.2757701874,19.2724761963,9.59005355835
19870710,507750,17.2773475647,19.3074951172,9.58114528656
19870711,507742,17.2942276001,19.4366455078,9.59013748169
19870712,507773,17.2976150513,19.4639282227,9.61508369446
19870713,507780,17.3122768402,19.4708099365,9.70524311066
19870714,507532,17.3224468231,19.4811553955,9.73073673248
19870715,507364,17.3246669769,19.5190124512,9.6939535141
19870716,507435,17.3070602417,19.4942321777,9.70267105103
19870717,507611,17.2640419006,19.4073181152,9.65979957581
19870718,507731,17.2597694397,19.3042907715,9.58351898193
19870719,508102,17.3191108704,19.2952423096,9.51236438751
19870720,508399,17.3242340088,19.2649536133,9.49200439453
19870721,508665,17.28074646,19.102142334,9.52387809753
19870722,508721,17.2396945953,19.0731506348,9.59039592743
19870723,508983,17.2079620361,19.106842041,9.60063457489
19870724,509624,17.2296524048,19.251663208,9.55058860779
19870725,509912,17.268819809,19.2699432373,9.56405925751
19870726,510235,17.3011989594,19.2910461426,9.63680839539
19870727,510010,17.267326355,19.2720336914,9.703332901
19870728,510164,17.2424659729,19.2059020996,9.7092924118
19870729,510165,17.2154750824,19.0768127441,9.71050453186
19870730,510172,17.2313079834,19.1488952637,9.66638755798
19870731,510502,17.3004894257,19.3417816162,9.60938739777
19870801,509857,17.3547344208,19.4182128906,9.57860660553
19870802,509632,17.386800766,19.4541320801,9.56524848938
19870803,509655,17.3339958191,19.3564147949,9.5659570694
19870804,509718,17.3226623535,19.3838500977,9.53723430634
19870805,509846,17.3448982239,19.4270019531,9.58414077759
19870806,509853,17.3224563599,19.2823791504,9.63706684113
19870807,509605,17.3346576691,19.1616516113,9.53666400909
19870808,509436,17.368768692,19.1075286865,9.47095298767
19870809,509492,17.4018745422,19.1146240234,9.45855712891
19870810,509849,17.3279876709,19.2004699707,9.58511066437
19870811,509961,17.3087234497,19.2662353516,9.61693477631
19870812,509849,17.3552474976,19.2109069824,9.58267974854
19870813,509953,17.3966217041,19.1907653809,9.50429153442
19870814,509874,17.3978157043,19.2578277588,9.51085472107
19870815,509811,17.3523540497,19.3894348145,9.62844657898
19870816,509860,17.3629779816,19.3677368164,9.6389131546
19870817,509973,17.3775100708,19.2338562012,9.65010738373
19870818,509917,17.3679409027,19.294708252,9.68777561188
19870819,509812,17.3418502808,19.3354492188,9.69448566437
19870820,509755,17.3350048065,19.2689208984,9.7227306366
19870821,509643,17.3351764679,19.2738037109,9.72284698486
19870822,509756,17.3513698578,19.2282867432,9.66886425018
19870823,509925,17.3788318634,19.2492675781,9.64411354065
19870824,509973,17.4035072327,19.1534729004,9.63560771942
19870825,510197,17.3505363464,19.000579834,9.631108284
19870826,510423,17.3267974854,19.0104980469,9.64986228943
19870827,510408,17.3739624023,19.2027740479,9.63526630402
19870828,510047,17.4117507935,19.2944641113,9.62406635284
19870829,510055,17.36236763,19.3368530273,9.67145061493
19870830,509992,17.3296852112,19.3404541016,9.6855096817
19870831,510105,17.3150978088,19.2545471191,9.708735466
19870901,510161,17.3447608948,19.1443481445,9.64722251892
19870902,510273,17.3733062744,19.1183776855,9.57096385956
19870903,510280,17.3790912628,19.1312561035,9.57834911346
19870904,509880,17.3473548889,19.1858825684,9.64189910889
19870905,509471,17.3453159332,19.2276916504,9.67475891113
19870906,509520,17.3258476257,19.1837310791,9.66360187531
19870907,509519,17.3438167572,19.3323364258,9.72497367859
19870908,509470,17.3157520294,19.3795318604,9.76080703735
19870909,509293,17.3485622406,19.3749694824,9.76877403259
19870910,509181,17.3831386566,19.5174255371,9.74854755402
19870911,509174,17.3778209686,19.5880126953,9.76282501221
19870912,508836,17.3258705139,19.3650817871,9.76519775391
19870913,508859,17.2736263275,19.1234436035,9.79707717896
19870914,508626,17.2813644409,19.1484985352,9.79417228699
19870915,508490,17.3386154175,19.31640625,9.77690219879
19870916,508490,17.3819293976,19.3721923828,9.70080757141
19870917,508322,17.4101963043,19.2854156494,9.64597511292
19870918,508203,17.3386669159,19.2761230469,9.70321559906
19870919,507787,17.30418396,19.3312072754,9.75145339966
19870920,507554,17.2567596436,19.1865997314,9.74768447876
19870921,507355,17.2542724609,18.9356079102,9.63925361633
19870922,507314,17.2410240173,18.7932739258,9.63092422485
19870923,507723,17.2943267822,18.8519897461,9.58175086975
19870924,507442,17.3311595917,18.9812774658,9.57099151611
19870925,507427,17.3147296906,19.0539245605,9.67805576324
19870926,507322,17.2979297638,19.0833740234,9.70094490051
19870927,507393,17.2975826263,19.1198730469,9.64901256561
19870928,507330,17.2694168091,19.1090240479,9.67594814301
19870929,507315,17.2622776031,19.0697937012,9.6543302536
19870930,507098,17.2411193848,19.2347412109,9.69665241241
19871001,506678,17.2338695526,19.258972168,9.73554706573
19871002,506573,17.2663192749,19.1929321289,9.68075942993
19871003,506396,17.2512168884,19.1298675537,9.65985965729
19871004,505905,17.2638378143,19.0401000977,9.61517524719
19871005,505534,17.2806968689,19.0862121582,9.53287887573
19871006,505350,17.3217449188,19.2046661377,9.51932811737
19871007,505343,17.2921066284,19.2507324219,9.56121635437
19871008,505084,17.3171596527,19.2607269287,9.57943916321
19871009,505148,17.2672328949,19.2091369629,9.59128761292
19871010,505204,17.2734470367,19.1844177246,9.5406370163
19871011,505077,17.2919139862,19.2924499512,9.56782150269
19871012,504709,17.2501392365,19.2983703613,9.66628360748
19871013,504581,17.2545833588,19.1996459961,9.67234325409
19871014,504581,17.2300891876,18.9324951172,9.60440349579
19871015,504476,17.1982727051,18.7183380127,9.53873825073
19871016,504461,17.1838989258,18.686706543,9.52228164673
19871017,504349,17.186882019,18.9010314941,9.60433578491
19871018,504596,17.1879482269,19.022567749,9.69070529938
19871019,504629,17.2369403839,19.0132141113,9.62531375885
19871020,504869,17.2821941376,19.0352478027,9.59262275696
19871021,505053,17.2455558777,19.1131896973,9.68023777008
19871022,504977,17.2639141083,19.1250610352,9.61777877808
19871023,504746,17.2502346039,19.0438995361,9.59638690948
19871024,505189,17.1864948273,19.0126953125,9.6292219162
19871025,505287,17.1548957825,19.1148986816,9.66633033752
19871026,505392,17.1728515625,19.0371856689,9.60223674774
19871027,505448,17.1904373169,18.9955444336,9.53208732605
19871028,505421,17.1931324005,18.9870300293,9.55365467072
19871029,505246,17.1878986359,18.9021148682,9.55468273163
19871030,505294,17.1843395233,18.9342041016,9.56608009338
19871031,505054,17.1833438873,18.9666137695,9.63885879517
19871101,504927,17.1742649078,18.9774169922,9.67658615112
19871102,504638,17.1856403351,18.9271850586,9.65639305115
19871103,504398,17.171081543,18.9735107422,9.69198226929
19871104,504357,17.1750583649,18.9710693359,9.603931427
19871105,504462,17.1641693115,19.1601867676,9.67356491089
19871106,504540,17.2127342224,19.2222290039,9.6973772049
19871107,504236,17.2559986115,19.0787353516,9.60757064819
19871108,504307,17.2431411743,19.1728820801,9.63628864288
19871109,504089,17.2400951385,19.2828674316,9.66241264343
19871110,504089,17.2499275208,19.2956237793,9.70431137085
19871111,503928,17.2263088226,19.2428741455,9.70357131958
19871112,503857,17.2336921692,19.2324523926,9.6654920578
19871113,503625,17.2262973785,19.2325134277,9.66809654236
19871114,503786,17.2044620514,19.1857757568,9.64400482178
19871115,503898,17.2540493011,19.0149078369,9.54568767548
19871116,504010,17.2745780945,18.9221496582,9.48084449768
19871117,504066,17.2102565765,18.8508453369,9.51080417633
19871118,504588,17.1704769135,18.870513916,9.52485370636
19871119,505256,17.2439689636,19.0049438477,9.44470500946
19871120,505327,17.2623081207,19.1285705566,9.47477912903
19871121,505635,17.2551555634,19.1018371582,9.46506595612
19871122,506197,17.177072525,19.0474853516,9.4795255661
19871123,506485,17.1413917542,19.1014404297,9.53746032715
19871124,506661,17.1453323364,19.2797851562,9.61254405975
19871125,506717,17.1232223511,19.2900085449,9.61927700043
19871126,506852,17.0926418304,19.3023681641,9.67995738983
19871127,507062,17.0564899445,19.2732391357,9.78111171722
19871128,507174,17.0384960175,19.1873779297,9.79101657867
19871129,507256,17.0278930664,19.2376403809,9.74975585938
19871130,507560,17.0511493683,19.3322906494,9.74566078186
19871201,507977,17.0576286316,19.4696960449,9.79217815399
19871202,508878,16.967880249,19.4508209229,9.86561965942
19871203,509362,16.9592552185,19.4569702148,9.86762428284
19871204,509564,16.966129303,19.5489654541,9.91129493713
19871205,509661,16.9828529358,19.5088500977,9.91028785706
19871206,510377,16.9596443176,19.3814086914,9.88341236115
19871207,510771,17.0072307587,19.3753051758,9.77352523804
19871208,511108,17.0616607666,19.4681396484,9.71662807465
19871209,511307,17.0435905457,19.3877258301,9.72345066071
19871210,511532,16.9807796478,19.5095825195,9.79719734192
19871211,511735,16.9955730438,19.6401062012,9.78917884827
19871212,512361,17.0265827179,19.6383972168,9.71446228027
19871213,512980,16.9692707062,19.5024414062,9.75050544739
19871214,513535,16.9061851501,19.3702392578,9.81591701508
19871215,514311,16.8615512848,19.2204589844,9.86003780365
19871216,515090,16.8821640015,19.248626709,9.80934238434
19871217,517644,16.8100337982,19.2505493164,9.84086704254
19871218,519138,16.7318973541,19.0428466797,9.87715053558
19871219,521151,16.6717624664,18.9024963379,9.93468093872
19871220,524478,16.5808200836,19.00390625,10.0149259567
19871221,525850,16.5520305634,19.1275634766,10.0426969528
19871222,526323,16.5700893402,19.0380554199,9.96679401398
19871223,526660,16.5656986237,19.0440673828,9.97526454926
19871224,527110,16.5753574371,18.9628448486,9.98054218292
19871225,527841,16.5133876801,18.9120178223,10.0640850067
19871226,528122,16.510225296,19.0578308105,10.0943717957
19871227,528250,16.5322990417,19.1049499512,10.0846843719
19871228,528651,16.532749176,19.0668945312,10.1006364822
19871229,529131,16.5612106323,19.1928710938,10.0795583725
19871230,529539,16.5374832153,19.0294494629,10.0533208847
19871231,529876,16.5338249207,18.9249420166,10.0059347153
19880101,529947,16.5713806152,18.9970703125,10.0520572662
19880102,529554,16.6148929596,19.1221923828,10.0439882278
19880103,529963,16.5631732941,19.2827453613,10.1252088547
19880104,529970,16.5403709412,19.3542175293,10.1438093185
19880105,529954,16.5408992767,19.3208312988,10.1832590103
19880106,529906,16.5322933197,19.161239624,10.1310338974
19880107,530074,16.5877113342,19.2953033447,10.1065797806
19880108,530146,16.6591091156,19.4840698242,10.0726995468
19880109,530033,16.6927852631,19.5184936523,10.0332679749
19880110,529913,16.6924495697,19.5214538574,9.98167419434
19880111,529849,16.6338806152,19.4609069824,10.041478157
19880112,530178,16.6104106903,19.5134887695,10.0815544128
19880113,530306,16.6473636627,19.5382995605,10.0539169312
19880114,530524,16.7293510437,19.4562530518,9.96180534363
19880115,530524,16.6670188904,19.3987426758,10.086186409
19880116,530588,16.6284694672,19.4824066162,10.1670722961
19880117,530821,16.6466846466,19.6242980957,10.1444292068
19880118,530911,16.6994056702,19.7017211914,10.0852994919
19880119,530982,16.6808547974,19.5461730957,10.0948152542
19880120,531334,16.6489620209,19.4736938477,10.0713768005
19880121,531270,16.7106323242,19.3023223877,9.99683856964
19880122,531326,16.7385311127,19.3282012939,9.98767948151
19880123,531445,16.6920909882,19.3919677734,10.076259613
19880124,531509,16.6414833069,19.3305969238,10.1795873642
19880125,531678,16.6495742798,19.372177124,10.1849346161
19880126,532087,16.6993904114,19.3313903809,10.1271047592
19880127,532215,16.7425804138,19.252166748,10.1261520386
19880128,532208,16.7203235626,19.3359527588,10.1719198227
19880129,532433,16.6551589966,19.3357849121,10.2184391022
19880130,532561,16.6363945007,19.2472839355,10.2529220581
19880131,532610,16.6550521851,19.1504821777,10.1561546326
19880201,532962,16.648771286,19.1727142334,10.1325082779
19880202,532834,16.688129425,19.2806854248,10.1264886856
19880203,533052,16.6818027496,19.3777160645,10.1291637421
19880204,533494,16.6897411346,19.3030853271,10.1353797913
19880205,533599,16.7716369629,19.4601135254,10.0913763046
19880206,533479,16.7913742065,19.5428771973,10.0757007599
19880207,533423,16.751739502,19.5378417969,10.1159648895
19880208,533487,16.7354602814,19.3364562988,10.0962972641
19880209,533599,16.7689781189,19.4363098145,10.0565929413
19880210,533911,16.7713489532,19.4047546387,10.0873613358
19880211,533975,16.7528839111,19.422088623,10.1578950882
19880212,534256,16.7021579742,19.4539489746,10.2136116028
19880213,534441,16.7024879456,19.4242858887,10.1669216156
19880214,534674,16.7238082886,19.422958374,10.1388654709
19880215,534906,16.6802062988,19.1744232178,10.1512451172
19880216,534898,16.7032432556,19.0833282471,10.1659069061
19880217,534898,16.6581058502,19.0387268066,10.1625118256
19880218,534842,16.661649704,19.064743042,10.1791296005
19880219,534527,16.6200656891,19.1539001465,10.2528905869
19880220,534407,16.6077213287,19.2769165039,10.3006877899
19880221,534167,16.655544281,19.3749084473,10.2225189209
19880222,534103,16.6906795502,19.3541259766,10.1728286743
19880223,533990,16.6774253845,19.3999633789,10.2390890121
19880224,533885,16.7295875549,19.336730957,10.1906661987
19880225,533765,16.7273101807,19.107208252,10.188615799
19880226,533461,16.7132415771,19.1087341309,10.1899833679
19880227,533349,16.6933345795,19.0649719238,10.1955270767
19880228,533293,16.6694946289,19.0988464355,10.30768013
19880229,533109,16.6503047943,19.1500244141,10.3431358337
19880301,532468,16.7004070282,19.1743011475,10.3028869629
19880302,532517,16.7237968445,19.2126159668,10.2991218567
19880303,532517,16.7316474915,19.2349243164,10.3040466309
19880304,532461,16.6818161011,19.1903686523,10.3465719223
19880305,532228,16.6816234589,19.1649627686,10.3271541595
19880306,531835,16.7269878387,19.18359375,10.2460308075
19880307,531370,16.7073783875,19.0997619629,10.2675151825
19880308,531032,16.7031860352,19.0115509033,10.2291784286
19880309,530976,16.7340240479,18.9891967773,10.1448917389
19880310,530608,16.7833480835,19.1271209717,10.1364803314
19880311,530496,16.8321399689,19.1988067627,10.1326351166
19880312,530312,16.8851108551,19.2657928467,10.130572319
19880313,530200,16.8965034485,19.2378540039,10.1439723969
19880314,529975,16.9371395111,19.1065979004,10.0868177414
19880315,529637,16.9545135498,19.0689697266,10.0718545914
19880316,529412,16.8897762299,19.000213623,10.110001564
19880317,529236,16.9232330322,19.0554504395,10.0911931992
19880318,528882,16.9723186493,19.0222473145,10.0695648193
19880319,528530,16.9709529877,18.9742584229,10.056678772
19880320,528354,16.9607582092,19.040512085,10.1015319824
19880321,527960,16.9620170593,19.1027069092,10.133026123
19880322,527783,16.9646320343,19.3098449707,10.2288808823
19880323,527839,16.9068393707,19.3244934082,10.2311954498
19880324,527854,16.856174469,19.3543701172,10.2749843597
19880325,527862,16.8543834686,19.3137512207,10.3059978485
19880326,527918,16.8330154419,19.408203125,10.3392810822
19880327,527734,16.8312358856,19.3883666992,10.315946579
19880328,527790,16.822052002,19.1527862549,10.247838974
19880329,527663,16.8836593628,19.0346984863,10.1670703888
19880330,527727,16.8792362213,19.1983337402,10.2232189178
19880331,527375,16.8192634583,19.2865905762,10.2544202805
19880401,527431,16.7992649078,19.2045288086,10.2109737396
19880402,526614,16.7898731232,19.1392364502,10.266377449
19880403,526213,16.8085384369,19.1016540527,10.2285041809
19880404,525830,16.8198547363,19.1432647705,10.1941308975
19880405,525295,16.8330841064,19.140411377,10.2147226334
19880406,525295,16.8315029144,19.2219848633,10.2334165573
19880407,525287,16.7535762787,19.2932434082,10.3043451309
19880408,524926,16.7340908051,19.231628418,10.3607873917
19880409,524750,16.7475700378,19.0315856934,10.2739725113
19880410,524439,16.7797145844,19.0892028809,10.1757822037
19880411,524030,16.8639221191,19.160736084,10.1565761566
19880412,523790,16.8729076385,19.1962585449,10.2088069916
19880413,523783,16.8616428375,19.1435546875,10.2330312729
19880414,523390,16.8977813721,19.1044769287,10.195605278
19880415,523263,16.8764152527,19.0379943848,10.1815090179
19880416,523327,16.8636455536,19.0195617676,10.2099180222
19880417,523031,16.8657875061,19.1094055176,10.1636943817
19880418,523023,16.8010883331,18.8981628418,10.1714105606
19880419,522959,16.7737789154,18.8940734863,10.2227649689
19880420,522591,16.7434177399,18.8313903809,10.2248220444
19880421,522759,16.7722167969,18.727935791,10.2054576874
19880422,522920,16.8069267273,18.9261169434,10.2197360992
19880423,522429,16.8086624146,18.9982910156,10.1928777695
19880424,522500,16.8154373169,18.974395752,10.1538486481
19880425,522212,16.8489551544,18.963470459,10.1123590469
19880426,521584,16.8524494171,18.9591827393,10.0613555908
19880427,521318,16.8951931,19.0090484619,9.99677753448
19880428,520819,16.9295940399,18.9977416992,9.96789360046
19880429,520609,16.902557373,18.794342041,9.96113872528
19880430,520200,16.910243988,18.8845672607,9.96975517273
19880501,520081,16.8874320984,18.8626708984,9.97459983826
19880502,520215,16.8574295044,19.064666748,10.0029964447
19880503,519420,16.9049873352,18.9521179199,10.0231389999
19880504,519364,16.8629512787,18.7402648926,10.0826416016
19880505,519098,16.8691310883,18.72315979,10.1333398819
19880506,518656,16.9065151215,18.8571929932,10.1375083923
19880507,518278,16.9100399017,19.0025939941,10.1415176392
19880508,517989,16.8944416046,19.0227050781,10.0299358368
19880509,517997,16.8651618958,19.0283813477,10.0427761078
19880510,517724,16.8789348602,18.8778076172,9.97226905823
19880511,517570,16.8840560913,18.8324584961,9.94804477692
19880512,517056,16.9241371155,19.0294189453,9.97301578522
19880513,516782,16.9031219482,19.1389923096,10.0401582718
19880514,516621,16.9125080109,19.0490722656,10.0453367233
19880515,516579,16.9094676971,19.0538024902,10.0527572632
19880516,516579,16.8545513153,19.2102661133,10.103685379
19880517,516579,16.7859115601,19.1269836426,10.1624889374
19880518,516403,16.7956085205,19.1171264648,10.1905412674
19880519,516306,16.7900867462,19.2113494873,10.1563644409
19880520,516137,16.7920703888,19.1076965332,10.1550559998
19880521,516129,16.7983360291,19.0749206543,10.1193227768
19880522,516039,16.8183612823,19.1651916504,10.124876976
19880523,515942,16.8284225464,19.2718200684,10.1093597412
19880524,515743,16.876625061,19.3040161133,10.0585212708
19880525,515750,16.8597564697,19.2612457275,10.0815382004
19880526,515596,16.8644809723,19.2268218994,10.0922336578
19880527,515442,16.8436107635,19.2260742188,10.0439462662
19880528,515233,16.8516311646,19.1572570801,9.98477458954
19880529,514428,16.8858833313,19.2855072021,9.9454202652
19880530,513690,16.8901023865,19.4686126709,9.93120098114
19880531,513288,16.8906326294,19.2949981689,9.90414619446
19880601,513029,16.8659420013,19.1793518066,9.91876316071
19880602,512531,16.8984375,19.1707458496,9.9046792984
19880603,512377,16.8916912079,19.1443481445,9.91973781586
19880604,512385,16.8910884857,19.0661315918,9.94991111755
19880605,511856,16.900384903,19.1046447754,9.916639328
19880606,511383,16.9137382507,19.1851806641,9.89085674286
19880607,511031,16.9609413147,19.3034973145,9.86147022247
19880608,510595,16.950958252,19.4040222168,9.87640762329
19880609,510299,16.9755382538,19.3990478516,9.84785461426
19880610,509721,17.028837204,19.4864501953,9.79808425903
19880611,509575,17.0831642151,19.4757385254,9.75893592834
19880612,509310,17.1058864594,19.5768585205,9.74498271942
19880613,508980,17.0689125061,19.4692077637,9.74072647095
19880614,508699,17.05493927,19.5042419434,9.72190761566
19880615,508162,17.0738811493,19.3681793213,9.61962032318
19880616,508226,17.1261425018,19.2646331787,9.58289241791
19880617,508361,17.1227874756,19.2976989746,9.55311965942
19880618,508376,17.0978736877,19.4057922363,9.61020469666
19880619,508151,17.1009674072,19.5305480957,9.65612602234
19880620,508391,17.1111526489,19.6521911621,9.64935588837
19880621,508215,17.1566352844,19.5754394531,9.64007568359
19880622,508166,17.1574020386,19.5861358643,9.61400032043
19880623,508068,17.1607284546,19.3966217041,9.57368564606
19880624,508173,17.1210632324,19.2452697754,9.59719276428
19880625,508206,17.0776691437,19.2352600098,9.62448596954
19880626,508368,17.1167602539,19.3708496094,9.60921192169
19880627,508023,17.1244239807,19.399597168,9.59834861755
19880628,508199,17.0815982819,19.4111938477,9.64250564575
19880629,508102,17.0693149567,19.4038696289,9.65438556671
19880630,508263,17.1235485077,19.4280700684,9.59445095062
19880701,508136,17.1765613556,19.5020904541,9.52890396118
19880702,508264,17.1842651367,19.5343933105,9.49287414551
19880703,508095,17.1688919067,19.4418029785,9.50716590881
19880704,508383,17.141336441,19.2660217285,9.4945192337
19880705,508566,17.1606197357,19.2753295898,9.51497840881
19880706,509107,17.1385574341,19.3111877441,9.53803634644
19880707,509057,17.1788387299,19.4136962891,9.5179681778
19880708,509106,17.2091445923,19.4338684082,9.52481937408
19880709,509147,17.2208595276,19.3134460449,9.4747209549
19880710,508503,17.2554550171,19.3424072266,9.44573497772
19880711,508462,17.2353744507,19.3605041504,9.53311443329
19880712,508815,17.2318172455,19.2965087891,9.53822803497
19880713,508590,17.2151031494,19.383682251,9.52840518951
19880714,508278,17.2480144501,19.3658294678,9.45647621155
19880715,508045,17.2328643799,19.3655090332,9.48277568817
19880716,507932,17.2432594299,19.463470459,9.46868801117
19880717,508150,17.2662029266,19.5231628418,9.45401000977
19880718,508349,17.3439483643,19.5233764648,9.37028980255
19880719,508687,17.3745803833,19.5606384277,9.36325931549
19880720,508863,17.3694438934,19.6125488281,9.36739730835
19880721,508645,17.3272666931,19.5254211426,9.39291572571
19880722,508716,17.2553310394,19.457244873,9.44415855408
19880723,508870,17.2021102905,19.3789520264,9.45908546448
19880724,508983,17.1851387024,19.162902832,9.39797687531
19880725,509242,17.193939209,19.160736084,9.43955993652
19880726,509411,17.2103805542,19.3056030273,9.48950099945
19880727,509355,17.2067928314,19.3262023926,9.48300933838
19880728,509588,17.2157058716,19.2552947998,9.45482158661
19880729,509748,17.2326717377,19.1135559082,9.46657943726
19880730,509755,17.272649765,19.0701293945,9.42850208282
19880731,509875,17.3147354126,19.1485595703,9.43971920013
19880801,509954,17.3240947723,19.2656707764,9.45366001129
19880802,510010,17.3608036041,19.4148712158,9.45080757141
19880803,510089,17.3788337708,19.5630187988,9.46157932281
19880804,510272,17.2942581177,19.4066772461,9.49741077423
19880805,510159,17.2304439545,19.3124084473,9.47018718719
19880806,510399,17.2046394348,19.3259887695,9.5084810257
19880807,510208,17.2289161682,19.3827514648,9.53976249695
19880808,510046,17.2341194153,19.4415588379,9.48084831238
19880809,510031,17.2729549408,19.3391418457,9.49376487732
19880810,509854,17.2522354126,19.3784484863,9.47393798828
19880811,509679,17.2536811829,19.3890075684,9.46507358551
19880812,509791,17.2186660767,19.1917114258,9.48081016541
19880813,510009,17.1837062836,19.1245422363,9.48398399353
19880814,509889,17.1756439209,19.134979248,9.4618062973
19880815,509713,17.2386226654,19.1338195801,9.47564029694
19880816,509706,17.2327404022,19.2102203369,9.58846187592
19880817,509657,17.1645908356,19.2763366699,9.67679023743
19880818,509770,17.1937122345,19.3307647705,9.60726833344
19880819,509770,17.2078170776,19.2102508545,9.5539560318
19880820,509953,17.221912384,19.1852722168,9.4895772934
19880821,510381,17.2238464355,19.2309875488,9.54451656342
19880822,510430,17.204662323,19.3261260986,9.5682144165
19880823,510479,17.2028141022,19.2750549316,9.52613735199
19880824,510542,17.1767196655,19.0969085693,9.42281532288
19880825,510493,17.2138366699,19.1516418457,9.39031219482
19880826,510444,17.213596344,19.2902984619,9.50427150726
19880827,510500,17.1575012207,19.3383026123,9.627409935
19880828,510550,17.1559429169,19.2245178223,9.57735347748
19880829,510437,17.1698188782,19.1177062988,9.51800441742
19880830,510171,17.2016658783,19.2209777832,9.53945922852
19880831,510220,17.1872196198,19.2833404541,9.48915481567
19880901,510269,17.2048301697,19.2874755859,9.42064857483
19880902,509901,17.2385883331,19.1294555664,9.40419101715
19880903,510062,17.2384548187,19.0394287109,9.45222187042
19880904,510351,17.1964168549,19.0743713379,9.53719234467
19880905,510358,17.1852798462,19.1603393555,9.54264450073
19880906,510028,17.226436615,19.2016601562,9.52405452728
19880907,509916,17.2011852264,19.2434387207,9.54654598236
19880908,509733,17.2080364227,19.143951416,9.50170898438
19880909,509438,17.1843585968,19.2119445801,9.59518814087
19880910,509423,17.1233272552,19.2961730957,9.69976615906
19880911,509359,17.1274623871,19.1697692871,9.68717479706
19880912,509183,17.1230869293,19.236541748,9.70162773132
19880913,509190,17.1137294769,19.1219177246,9.65163993835
19880914,509125,17.1799201965,19.0679016113,9.53172206879
19880915,509181,17.1962738037,19.2243041992,9.54682922363
19880916,509020,17.1626033783,19.2735443115,9.59289360046
19880917,508586,17.1318454742,19.2924346924,9.6436882019
19880918,508586,17.0997371674,19.2087402344,9.5818157196
19880919,508353,17.0874252319,19.0812072754,9.58228588104
19880920,508424,17.0642814636,19.1220855713,9.62549591064
19880921,508431,17.0161342621,19.1529541016,9.66940498352
19880922,508038,17.0591812134,19.1214599609,9.61672210693
19880923,507854,17.130033493,19.1318359375,9.51516437531
19880924,507460,17.1797084808,19.222076416,9.53090572357
19880925,507051,17.1792430878,19.3172912598,9.57540416718
19880926,507010,17.1712532043,19.3300933838,9.54981517792
19880927,506552,17.1927223206,19.3528747559,9.55780982971
19880928,506110,17.178571701,19.3010406494,9.58360481262
19880929,505619,17.1539440155,19.3769836426,9.64675807953
19880930,504944,17.1291446686,19.3669586182,9.6416349411
19881001,504591,17.1443843842,19.3305664062,9.62495136261
19881002,504310,17.1561641693,19.3781738281,9.63383102417
19881003,503924,17.1348628998,19.3825073242,9.69148349762
19881004,503644,17.1454372406,19.4623413086,9.69207954407
19881005,503131,17.1314277649,19.4402770996,9.64847183228
19881006,502552,17.1578845978,19.3580627441,9.6111907959
19881007,502279,17.1914138794,19.4339599609,9.52453422546
19881008,502230,17.1625499725,19.333114624,9.57645606995
19881009,501982,17.0926017761,19.3818664551,9.65820980072
19881010,501967,17.084690094,19.3985900879,9.63726615906
19881011,502080,17.158662796,19.357421875,9.58867359161
19881012,501904,17.1216239929,19.3357849121,9.63250923157
19881013,501945,17.08893013,19.2074890137,9.62217617035
19881014,501873,17.1084117889,19.1347961426,9.5372505188
19881015,501745,17.1247997284,19.1311645508,9.50030231476
19881016,501696,17.1242923737,19.2141113281,9.45573997498
19881017,501929,17.0791301727,19.1700134277,9.49258327484
19881018,501929,17.0987873077,19.2284240723,9.47458744049
19881019,502162,17.1203727722,19.3024597168,9.4113111496
19881020,502155,17.1080341339,19.2194519043,9.42039871216
19881021,502076,17.0923233032,19.1545257568,9.44258499146
19881022,502133,17.0884857178,19.3010559082,9.50239372253
19881023,502061,17.0238628387,19.3176269531,9.55720806122
19881024,502005,16.9951515198,19.2742004395,9.49969005585
19881025,501893,17.0338001251,19.3148803711,9.51709270477
19881026,502110,17.0197372437,19.2933807373,9.52357387543
19881027,501814,16.9720096588,19.2171020508,9.55557727814
19881028,501743,16.9290122986,19.1866760254,9.58564567566
19881029,501945,16.9791507721,19.2066955566,9.52506542206
19881030,502114,16.9891109467,19.1932983398,9.47714138031
19881031,502122,17.0060939789,19.261932373,9.49639129639
19881101,502298,16.9804477692,19.2633056641,9.5546875
19881102,502305,16.9552116394,19.2531433105,9.6209154129
19881103,502305,16.9307098389,19.1871948242,9.61229896545
19881104,502312,16.9582271576,19.0218963623,9.46183204651
19881105,502345,16.9524707794,19.199432373,9.43589019775
19881106,502556,16.9630756378,19.0768280029,9.39898395538
19881107,502429,16.9889087677,19.1628723145,9.41830253601
19881108,502470,16.9781570435,19.1588897705,9.41396522522
19881109,502477,17.008808136,19.2282714844,9.42743301392
19881110,502252,16.9700584412,19.2427062988,9.49702453613
19881111,502349,16.952501297,19.2926330566,9.48155784607
19881112,502244,16.9248924255,19.2443084717,9.48371124268
19881113,502075,16.9302825928,19.2847900391,9.53697013855
19881114,502082,16.9096603394,19.3805084229,9.59340667725
19881115,502033,16.9423179626,19.3193054199,9.57952022552
19881116,502322,16.9201622009,19.2112426758,9.5671787262
19881117,502554,16.8690891266,19.2334136963,9.60187721252
19881118,503053,16.8755760193,19.2967834473,9.62072563171
19881119,502908,16.8773193359,19.3062744141,9.60207653046
19881120,503365,16.8259925842,19.3500061035,9.61544895172
19881121,503317,16.8426837921,19.4102172852,9.61402606964
19881122,503460,16.8681221008,19.3916931152,9.64359474182
19881123,503821,16.8588027954,19.2323303223,9.53907108307
19881124,503990,16.8460006714,19.2260131836,9.53945446014
19881125,504199,16.7955875397,19.2353210449,9.62050628662
19881126,504657,16.7864112854,19.3155822754,9.64245605469
19881127,505051,16.8073291779,19.3923034668,9.61818027496
19881128,505021,16.8392601013,19.4548950195,9.57880973816
19881129,505268,16.829076767,19.2830352783,9.52651309967
19881130,505612,16.7876987457,19.2144165039,9.51714706421
19881201,506005,16.780254364,19.222442627,9.54256343842
19881202,506733,16.7811260223,19.2268371582,9.49944591522
19881203,506745,16.7629928589,19.2707519531,9.50133323669
19881204,507003,16.788066864,19.425201416,9.4789352417
19881205,507300,16.7878398895,19.3706970215,9.48939800262
19881206,507507,16.7492752075,19.2067565918,9.53926086426
19881207,507577,16.8323764801,19.2330627441,9.37455272675
19881208,507813,16.8381786346,19.2576293945,9.34636211395
19881209,508165,16.7965984344,19.2504577637,9.41865348816
19881210,508319,16.7878246307,19.2778930664,9.41452884674
19881211,508319,16.7740135193,19.2264709473,9.45930290222
19881212,508705,16.7809562683,19.2586975098,9.47290992737
19881213,508897,16.7517433167,19.2579040527,9.50974082947
19881214,509354,16.7883586884,19.2981872559,9.49022674561
19881215,509586,16.8350353241,19.3235778809,9.39160060883
19881216,510182,16.8364658356,19.2873535156,9.35084629059
19881217,510912,16.7541313171,19.2415618896,9.48861026764
19881218,511580,16.7196598053,19.2447814941,9.52647590637
19881219,512431,16.7263126373,19.3169250488,9.52233695984
19881220,513219,16.690990448,19.3838806152,9.65242195129
19881221,514543,16.6623325348,19.4284362793,9.71085739136
19881222,515233,16.6407604218,19.4320373535,9.67666244507
19881223,516766,16.5439796448,19.4083557129,9.72244167328
19881224,518202,16.4774169922,19.3202819824,9.72745418549
19881225,519091,16.4746761322,19.3136291504,9.76497364044
19881226,520646,16.4768238068,19.3054199219,9.76170253754
19881227,521710,16.4404430389,19.3362884521,9.75455665588
19881228,522757,16.4353466034,19.3274841309,9.79164218903
19881229,523875,16.445892334,19.2490539551,9.75839328766
19881230,524419,16.371257782,19.1882629395,9.79467773438
19881231,525424,16.3201065063,19.2833709717,9.79377746582
19980101,528814,16.5942249298,18.7696685791,10.0572748184
19980102,529136,16.479675293,18.5997924805,10.1635847092
19980103,529087,16.5057563782,18.6678771973,10.1563119888
19980104,529567,16.5515937805,18.9177246094,10.182352066
19980105,529729,16.5689067841,18.9679260254,10.1925821304
19980106,529890,16.5505466461,18.9924926758,10.2277812958
19980107,530340,16.5509243011,18.9937133789,10.1896972656
19980108,530307,16.5731277466,18.9658508301,10.0910663605
19980109,530259,16.6181335449,18.9416809082,10.0488605499
19980110,530379,16.6540813446,18.9298400879,10.0325737
19980111,530724,16.713766098,19.0539550781,10.015253067
19980112,530803,16.7474441528,19.2386474609,9.98067188263
19980113,530867,16.7327594757,19.2612304688,9.9821434021
19980114,530931,16.7085037231,19.1300354004,10.0252885818
19980115,530939,16.6568489075,19.0854187012,10.0969057083
19980116,531186,16.6632423401,19.0780944824,10.1417284012
19980117,531426,16.6177825928,19.0076446533,10.2171278
19980118,531497,16.5560569763,18.9465942383,10.2911252975
19980119,531441,16.6133537292,19.0948791504,10.264705658
19980120,531441,16.6588516235,19.1223449707,10.2158317566
19980121,531441,16.7107372284,19.1405334473,10.1722393036
19980122,531433,16.7058086395,19.1915588379,10.1554660797
19980123,531313,16.6406669617,19.1755981445,10.2769060135
19980124,531313,16.6723155975,19.1330566406,10.2196779251
19980125,531234,16.6537513733,19.0236358643,10.0999183655
19980126,531395,16.6442337036,18.9214782715,10.1097564697
19980127,531684,16.5998725891,19.068862915,10.3193674088
19980128,531732,16.5924568176,19.1972198486,10.3751535416
19980129,531998,16.566028595,19.0504455566,10.3825283051
19980130,532272,16.6129055023,19.0606231689,10.2946367264
19980131,532391,16.6691398621,19.1823425293,10.2332935333
19980201,532297,16.6686840057,19.2321472168,10.233212471
19980202,532129,16.6097126007,19.1836242676,10.2719268799
19980203,532290,16.6674671173,19.2941436768,10.2289047241
19980204,532290,16.7167625427,19.4421539307,10.22224617
19980205,532290,16.6935214996,19.3343353271,10.2259712219
19980206,532699,16.6525421143,19.2994689941,10.2464942932
19980207,532643,16.6773300171,19.3699645996,10.2238740921
19980208,532523,16.6813297272,19.263885498,10.1871776581
19980209,532419,16.7143268585,19.3321838379,10.1784057617
19980210,532723,16.7469577789,19.3509216309,10.1913137436
19980211,532907,16.7645320892,19.3126220703,10.2320766449
19980212,532697,16.799659729,19.2621154785,10.1980056763
19980213,532704,16.8269805908,19.3523712158,10.1296062469
19980214,532760,16.8275375366,19.4803161621,10.0911359787
19980215,532809,16.781419754,19.3590087891,10.1484127045
19980216,532794,16.7637767792,19.1657714844,10.1985769272
19980217,532858,16.7804260254,19.1511230469,10.1678123474
19980218,532978,16.753370285,19.3497314453,10.2300806046
19980219,532929,16.7473888397,19.3219299316,10.2394638062
19980220,532970,16.7714061737,19.4175872803,10.2729787827
19980221,533026,16.7531051636,19.4218292236,10.3257226944
19980222,533146,16.7555503845,19.3231048584,10.324461937
19980223,533195,16.7456645966,19.2666931152,10.3161973953
19980224,533180,16.6984710693,19.2016906738,10.3234634399
19980225,533236,16.7018184662,19.1852722168,10.3042812347
19980226,533100,16.7333450317,19.2461700439,10.2738046646
19980227,533171,16.7389202118,19.4004821777,10.3610515594
19980228,533382,16.6884212494,19.3942260742,10.482635498
19980301,533487,16.6379795074,19.3411560059,10.5033445358
19980302,533367,16.6957149506,19.3258972168,10.4348564148
19980303,533079,16.7202224731,19.3475036621,10.423122406
19980304,532790,16.703754425,19.2566375732,10.4353084564
19980305,532805,16.6634540558,19.1780395508,10.4079303741
19980306,532677,16.6918525696,19.0967712402,10.3665037155
19980307,532220,16.7222919464,19.1642608643,10.3270959854
19980308,532100,16.7526893616,19.3363342285,10.3452634811
19980309,531651,16.8656368256,19.5355529785,10.3203020096
19980310,531265,16.9078903198,19.5330505371,10.2246217728
19980311,530983,16.9043617249,19.373840332,10.1982107162
19980312,530751,16.9177703857,19.2560119629,10.157037735
19980313,530575,16.9325389862,19.381439209,10.1621637344
19980314,530421,16.9305362701,19.4410400391,10.188369751
19980315,530252,16.9474315643,19.4842071533,10.1661052704
19980316,530132,16.9029464722,19.3542022705,10.1599082947
19980317,529963,16.9008922577,19.3110046387,10.1794509888
19980318,529891,16.8477993011,19.156829834,10.2050914764
19980319,529883,16.8570995331,19.1942749023,10.1816139221
19980320,529595,16.9097976685,19.3124084473,10.2090034485
19980321,529251,16.9897994995,19.3706665039,10.1273765564
19980322,528643,17.0358219147,19.326965332,10.0595388412
19980323,528530,17.0029716492,19.2360076904,10.0899200439
19980324,528425,16.9750804901,19.4188537598,10.1611061096
19980325,528200,17.0070095062,19.4802246094,10.1698980331
19980326,528305,16.9938144684,19.4637451172,10.2233104706
19980327,528192,16.9599399567,19.2452850342,10.1651077271
19980328,527768,16.9683361053,19.3134918213,10.1721420288
19980329,527648,16.9421386719,19.4008483887,10.2554779053
19980330,527261,16.9694252014,19.4797668457,10.2694406509
19980331,526886,16.9312591553,19.4725646973,10.2392883301
19980401,526357,16.9273204803,19.4425048828,10.2518510818
19980402,526182,16.946390152,19.316116333,10.2414503098
19980403,525477,17.0164394379,19.2229003906,10.142572403
19980404,524885,17.074131012,19.2523498535,10.1029376984
19980405,524541,17.0945491791,19.3261108398,10.2076349258
19980406,524517,17.0579605103,19.4227905273,10.2634487152
19980407,524341,17.0632457733,19.5464782715,10.255364418
19980408,524067,17.0593357086,19.5051269531,10.2099056244
19980409,523883,17.0192317963,19.4497375488,10.1861515045
19980410,523530,17.0173110962,19.4368591309,10.2014484406
19980411,523122,17.0240707397,19.28125,10.2444400787
19980412,522799,17.0168190002,19.334564209,10.2393817902
19980413,522428,17.013753891,19.3521728516,10.1797542572
19980414,522218,17.0534229279,19.2969665527,10.1324872971
19980415,522162,17.0375385284,19.1647949219,10.1354370117
19980416,522000,17.0551586151,19.2472839355,10.1160755157
19980417,521880,17.0729484558,19.2392425537,10.0961332321
19980418,521936,17.0480823517,19.2754364014,10.0797252655
19980419,521720,17.0716514587,19.2775878906,10.0287446976
19980420,521487,17.1170864105,19.2214355469,9.96046733856
19980421,521094,17.1737728119,19.3828735352,9.93262767792
19980422,520996,17.2038421631,19.2991790771,9.99968338013
19980423,520989,17.1497573853,19.1965942383,10.0319824219
19980424,520801,17.1554546356,19.3481750488,9.98743629456
19980425,520231,17.1912307739,19.4369812012,9.90607261658
19980426,519642,17.18450737,19.2675323486,9.90515327454
19980427,519571,17.161775589,19.1458129883,9.95635795593
19980428,519129,17.1446380615,19.2623291016,9.96975898743
19980429,518743,17.2137680054,19.358581543,9.96579265594
19980430,518086,17.1463088989,19.2326507568,10.0112342834
19980501,517610,17.1250038147,19.2165222168,10.0332269669
19980502,517202,17.1069202423,19.1708068848,9.99030303955
19980503,517048,17.1325302124,19.3135681152,9.95850563049
19980504,516485,17.1702041626,19.4044494629,10.0127162933
19980505,515908,17.1352176666,19.3056030273,10.0837087631
19980506,515676,17.0841369629,19.3777313232,10.1335420609
19980507,515170,17.0778102875,19.4057006836,10.1319494247
19980508,514968,17.1527614594,19.5084686279,10.0854101181
19980509,514735,17.1611022949,19.4244689941,10.0207996368
19980510,514334,17.1725063324,19.3209228516,10.0231542587
19980511,514454,17.1509971619,19.3346252441,10.0254516602
19980512,514454,17.1415576935,19.3248443604,10.0325660706
19980513,514454,17.1415576935,19.3248443604,10.0325660706
19980514,514454,17.1415576935,19.3248443604,10.0325660706
19980515,514454,17.1415576935,19.3248443604,10.0325660706
19980516,514454,17.1415576935,19.3248443604,10.0325660706
19980517,514454,17.1415576935,19.3248443604,10.0325660706
19980518,514454,17.1415576935,19.3248443604,10.0325660706
19980519,514454,17.1415576935,19.3248443604,10.0325660706
19980520,514454,17.1415576935,19.3248443604,10.0325660706
19980521,514454,17.1415576935,19.3248443604,10.0325660706
19980522,514454,17.1415576935,19.3248443604,10.0325660706
19980523,514454,17.1415576935,19.3248443604,10.0325660706
19980524,514454,17.1415576935,19.3248443604,10.0325660706
19980525,514454,17.1415576935,19.3248443604,10.0325660706
19980526,514454,17.1415576935,19.3248443604,10.0325660706
19980527,514454,17.1415576935,19.3248443604,10.0325660706
19980528,514454,17.1415576935,19.3248443604,10.0325660706
19980529,514454,17.1415576935,19.3248443604,10.0325660706
19980530,514454,17.1415576935,19.3248443604,10.0325660706
19980531,514454,17.1415576935,19.3248443604,10.0325660706
19980601,510934,17.3000888824,19.5858764648,9.84968090057
19980602,510956,17.3083839417,19.6639556885,9.84812068939
19980603,510491,17.2688770294,19.5237121582,9.83875083923
19980604,510626,17.1949748993,19.4557647705,9.88061618805
19980605,510416,17.1942443848,19.4830322266,9.90952110291
19980606,510153,17.2354164124,19.4780883789,9.86790275574
19980607,509871,17.2953910828,19.4706726074,9.77091693878
19980608,509725,17.2679653168,19.3919372559,9.75887203217
19980609,509297,17.2565307617,19.3183288574,9.73956489563
19980610,508877,17.2754516602,19.4100646973,9.68029022217
19980611,508645,17.3098068237,19.5342712402,9.66147518158
19980612,508533,17.3426456451,19.6603393555,9.65213489532
19980613,508196,17.3301429749,19.5924835205,9.65030479431
19980614,508027,17.3319358826,19.5555725098,9.6341381073
19980615,508075,17.3466243744,19.5459289551,9.60179519653
19980616,508116,17.3252563477,19.4990081787,9.58957672119
19980617,508116,17.3510570526,19.490814209,9.61141204834
19980618,508285,17.3439693451,19.5066223145,9.62661647797
19980619,508165,17.324432373,19.6029052734,9.66413784027
19980620,508173,17.3198413849,19.7036437988,9.69233226776
19980621,508091,17.3795700073,19.7016296387,9.66377162933
19980622,508105,17.3883190155,19.744720459,9.66645812988
19980623,508424,17.3772544861,19.6603546143,9.68420982361
19980624,508416,17.3494358063,19.6025695801,9.65655422211
19980625,508337,17.330575943,19.4434509277,9.67505455017
19980626,507751,17.3887767792,19.5799255371,9.6440782547
19980627,507793,17.3619194031,19.5667419434,9.59468269348
19980628,507561,17.3825187683,19.4484558105,9.53872489929
19980629,506845,17.4600696564,19.3981018066,9.44437789917
19980630,506994,17.4631538391,19.4914855957,9.40901088715
19980701,507402,17.4709701538,19.7154998779,9.4521446228
19980702,507380,17.4634571075,19.6094360352,9.45909023285
19980703,507204,17.4674282074,19.5988616943,9.41246414185
19980704,507238,17.438867569,19.4762268066,9.45549583435
19980705,507197,17.4755363464,19.5352783203,9.38325691223
19980706,507387,17.5218219757,19.6843261719,9.33315563202
19980707,507443,17.5330696106,19.8518981934,9.33821105957
19980708,507533,17.5672454834,19.8962402344,9.36024856567
19980709,507221,17.623210907,19.8390808105,9.33651542664
19980710,506794,17.601392746,19.8300628662,9.25925922394
19980711,506753,17.6285324097,19.6460876465,9.23959827423
19980712,506690,17.6356430054,19.647277832,9.26552581787
19980713,506254,17.6449356079,19.7552490234,9.22006988525
19980714,506367,17.6375102997,19.7367248535,9.21214008331
19980715,506023,17.6575298309,19.8484191895,9.23863220215
19980716,506312,17.6183223724,19.8140563965,9.30028820038
19980717,506559,17.59715271,19.8335571289,9.33524036407
19980718,506777,17.591545105,19.8548583984,9.41112613678
19980719,507145,17.5830345154,19.900177002,9.46124076843
19980720,507017,17.5887928009,19.8829956055,9.4762468338
19980721,507355,17.5609169006,19.8618469238,9.455950737
19980722,507644,17.5948143005,19.8979187012,9.42084407806
19980723,508045,17.6325531006,19.8255615234,9.37247562408
19980724,508352,17.6049690247,19.7055969238,9.3652677536
19980725,508667,17.5420684814,19.4742736816,9.34820652008
19980726,508923,17.5395488739,19.5633239746,9.38267421722
19980727,508994,17.5660457611,19.7297363281,9.36143779755
19980728,509256,17.619102478,19.8379058838,9.38486862183
19980729,509207,17.6369152069,19.8964538574,9.43725299835
19980730,509151,17.5551605225,19.6748046875,9.48438739777
19980731,509448,17.46301651,19.3671417236,9.4815158844
19980801,509744,17.4453392029,19.2853240967,9.46181678772
19980802,509816,17.4712104797,19.4113922119,9.42471694946
19980803,508357,17.5374832153,19.533782959,9.32629108429
19980804,510231,17.5028381348,19.5562744141,9.34113693237
19980805,510040,17.533203125,19.7901611328,9.42082691193
19980806,510288,17.5165729523,19.7339935303,9.52368927002
19980807,510435,17.480381012,19.6495056152,9.5263633728
19980808,510836,17.4782676697,19.611618042,9.4472990036
19980809,510900,17.4875926971,19.6029815674,9.41925239563
19980810,511075,17.5121059418,19.7141418457,9.41489219666
19980811,511195,17.5415916443,19.7522277832,9.41720676422
19980812,511139,17.5908756256,19.7558288574,9.38796901703
19980813,510907,17.5854740143,19.6785583496,9.36939334869
19980814,510835,17.5706710815,19.6709289551,9.39788341522
19980815,508533,17.6169910431,19.7372436523,9.36888313293
19980816,510242,17.5236530304,19.5721130371,9.49503421783
19980817,510242,17.470243454,19.5204467773,9.55358982086
19980818,510242,17.4501914978,19.5449066162,9.52642440796
19980819,510009,17.4700622559,19.6168518066,9.50317955017
19980820,510178,17.5037498474,19.7632598877,9.51064395905
19980821,510073,17.4700336456,19.835357666,9.50803661346
19980822,510073,17.4906597137,19.8285217285,9.48614597321
19980823,510017,17.4915447235,19.6612548828,9.40486907959
19980824,510377,17.4845790863,19.633392334,9.35287189484
19980825,510328,17.5246353149,19.665802002,9.3494348526
19980826,510377,17.5367107391,19.5964355469,9.3445892334
19980827,510054,17.5382556915,19.4997558594,9.35653686523
19980828,510039,17.5199432373,19.5544433594,9.39837932587
19980829,510159,17.480009079,19.5821533203,9.4084482193
19980830,510159,17.4351902008,19.4454040527,9.43113327026
19980831,509772,17.4066314697,19.5229492188,9.45539283752
19980901,510485,17.3981838226,19.5433349609,9.45971775055
19980902,510436,17.4093170166,19.5359344482,9.44054794312
19980903,510261,17.3917312622,19.496307373,9.44843292236
19980904,510261,17.4001464844,19.5910339355,9.50757312775
19980905,510261,17.3798828125,19.7002258301,9.52567863464
19980906,510141,17.3631839752,19.5722351074,9.53733921051
19980907,510141,17.339963913,19.4919433594,9.55589389801
19980908,509642,17.3519172668,19.3657226562,9.56788825989
19980909,509780,17.3017234802,19.3996887207,9.63913345337
19980910,509780,17.2349643707,19.4164581299,9.68314266205
19980911,510076,17.1618595123,19.3646240234,9.72198581696
19980912,509780,17.1713848114,19.3903961182,9.67441177368
19980913,509780,17.2461509705,19.5777130127,9.59774017334
19980914,509780,17.2263736725,19.6200256348,9.65149116516
19980915,509780,17.2318401337,19.6188049316,9.69253349304
19980916,509780,17.1810436249,19.5732269287,9.74151706696
19980917,509780,17.1708831787,19.4871063232,9.69737625122
19980918,509210,17.2174129486,19.4462127686,9.58677577972
19980919,509139,17.2616062164,19.4620056152,9.58564472198
19980920,509300,17.2736721039,19.44581604,9.56652164459
19980921,509300,17.2770309448,19.4308013916,9.54846000671
19980922,509300,17.2457923889,19.4143066406,9.5849275589
19980923,508483,17.2779560089,19.4211120605,9.53532600403
19980924,508547,17.1976299286,19.1923828125,9.53518009186
19980925,508547,17.192401886,19.0828552246,9.52687644958
19980926,508675,17.2186641693,19.2973327637,9.54460430145
19980927,508675,17.1694850922,19.431854248,9.63072013855
19980928,508941,17.2068080902,19.4224853516,9.62108135223
19980929,508476,17.2281932831,19.4229888916,9.58875370026
19980930,507659,17.2469520569,19.3830871582,9.58540821075
19981001,507659,17.2586517334,19.4444885254,9.57496070862
19981002,507058,17.2718315125,19.5210876465,9.60729312897
19981003,506938,17.2189464569,19.4680938721,9.68456745148
19981004,506042,17.1745262146,19.4638214111,9.73376178741
19981005,505986,17.1634674072,19.483215332,9.68545722961
19981006,504471,17.2648925781,19.6806945801,9.59213066101
19981007,504471,17.2557525635,19.447265625,9.58839225769
19981008,504287,17.2433681488,19.267578125,9.59324645996
19981009,503856,17.2176990509,19.3220977783,9.56959056854
19981010,503672,17.1950359344,19.3319091797,9.55940628052
19981011,503672,17.2283210754,19.3753509521,9.54745769501
19981012,503552,17.2116508484,19.5062103271,9.59782314301
19981013,503353,17.1644191742,19.5809631348,9.73841285706
19981014,503451,17.1116275787,19.5461120605,9.80351448059
19981015,503451,17.0822486877,19.4913024902,9.81234359741
19981016,503451,17.0407352448,19.4044799805,9.83500099182
19981017,503451,17.0554866791,19.5015869141,9.8286781311
19981018,503451,17.1137256622,19.6194152832,9.76585197449
19981019,502608,17.1989459991,19.73828125,9.6750459671
19981020,502920,17.2056503296,19.8200073242,9.71500301361
19981021,502920,17.1678218842,19.6796875,9.73592472076
19981022,503096,17.1737518311,19.5366210938,9.68153476715
19981023,503040,17.1635093689,19.417755127,9.68389511108
19981024,503201,17.144203186,19.528503418,9.72157669067
19981025,503201,17.1785106659,19.6282348633,9.65495014191
19981026,503722,17.221124649,19.559463501,9.62694263458
19981027,503047,17.218132019,19.4592590332,9.51426887512
19981028,503095,17.1761798859,19.4668273926,9.52570915222
19981029,503031,17.2123260498,19.514831543,9.51613807678
19981030,503503,17.2559986115,19.4515686035,9.48257541656
19981031,502652,17.269826889,19.5667419434,9.50135707855
19981101,503470,17.2044944763,19.5838012695,9.55570030212
19981102,503309,17.1702594757,19.5653991699,9.58295249939
19981103,503587,17.0362930298,19.4274597168,9.59862041473
19981104,503602,17.0775661469,19.4827270508,9.60144329071
19981105,504172,17.0216751099,19.4269866943,9.65233325958
19981106,503906,17.0212783813,19.3454589844,9.66833209991
19981107,504202,17.0112285614,19.3185424805,9.69690036774
19981108,504202,17.0636234283,19.4250640869,9.65105628967
19981109,504096,17.1299514771,19.6009216309,9.58127117157
19981110,504096,17.0707187653,19.4131011963,9.56956577301
19981111,504160,17.0384979248,19.4419250488,9.61205673218
19981112,504160,17.0867099762,19.5055084229,9.59440517426
19981113,504502,17.1119823456,19.4796295166,9.55952739716
19981114,504502,17.1045055389,19.4639434814,9.59862804413
19981115,504502,17.1128463745,19.4494171143,9.60165882111
19981116,504502,17.1364555359,19.4672698975,9.5772228241
19981117,504502,17.156873703,19.5496368408,9.60350513458
19981118,504108,17.1313095093,19.4977111816,9.58210659027
19981119,505369,17.0379486084,19.3992004395,9.63411521912
19981120,505305,17.0052852631,19.3473205566,9.64720058441
19981121,505305,17.0116786957,19.5570983887,9.66270923615
19981122,505361,16.9607334137,19.5032653809,9.65418338776
19981123,505664,16.9083271027,19.4741973877,9.70974826813
19981124,505777,16.9132175446,19.5776062012,9.75005245209
19981125,505777,16.944316864,19.5863952637,9.71303081512
19981126,506423,16.9353561401,19.4428100586,9.71039867401
19981127,506423,16.9333839417,19.4653625488,9.7069644928
19981128,507764,16.874256134,19.3998413086,9.69264316559
19981129,507291,16.9845161438,19.5982971191,9.57029628754
19981130,509323,16.9073619843,19.487121582,9.63121795654
19981201,509323,16.8383178711,19.3857116699,9.67445659637
19981202,510834,16.769197464,19.1740264893,9.74670028687
19981203,513185,16.674533844,19.2064208984,9.88461494446
19981204,513144,16.6978397369,19.4637298584,9.91048526764
19981205,513088,16.7118701935,19.5587921143,9.89396095276
19981206,513923,16.7223339081,19.5685119629,9.88206291199
19981207,513923,16.7730503082,19.4657287598,9.85456371307
19981208,513845,16.796754837,19.3471069336,9.75968170166
19981209,515522,16.7497997284,19.2581634521,9.75320720673
19981210,515522,16.7533340454,19.3702087402,9.81368637085
19981211,515522,16.7082099915,19.4180908203,9.89162158966
19981212,515473,16.6235256195,19.4042358398,9.91161632538
19981213,515248,16.6494197845,19.3555755615,9.82953643799
19981214,518622,16.633764267,19.4311065674,9.78644275665
19981215,518622,16.6410655975,19.3646850586,9.81846523285
19981216,518622,16.6316013336,19.2774353027,9.823179245
19981217,518622,16.6769390106,19.511138916,9.85312366486
19981218,518622,16.6371555328,19.4967193604,9.83821773529
19981219,519035,16.5882778168,19.4486999512,9.94473266602
19981220,519099,16.5807495117,19.6053466797,10.0961227417
19981221,519099,16.5768642426,19.6394958496,10.0959777832
19981222,519163,16.6326065063,19.6377258301,10.0017175674
19981223,520570,16.6511936188,19.4261932373,9.85197257996
19981224,520570,16.5998764038,19.3610534668,9.87382125854
19981225,520570,16.6026592255,19.4599761963,9.91100692749
19981226,522417,16.5193023682,19.5153198242,9.96212387085
19981227,521839,16.5846481323,19.5254211426,9.88606929779
19981228,521783,16.5686988831,19.5679321289,9.94617462158
19981229,524469,16.4334068298,19.56640625,10.0715370178
19981230,525408,16.3830070496,19.5651702881,10.1058797836
19981231,525239,16.4573898315,19.5778198242,9.96068191528
20080101,515902,16.8553924561,19.7203369141,9.58235168457
20080102,516416,16.8480911255,19.657623291,9.54730224609
20080103,516866,16.7759513855,19.5721435547,9.59836959839
20080104,517974,16.6770839691,19.5372924805,9.74070453644
20080105,518680,16.6940898895,19.640411377,9.76365184784
20080106,519595,16.6461524963,19.7083740234,9.79911136627
20080107,519792,16.6601142883,19.8169403076,9.79405021667
20080108,520538,16.6696662903,19.8396453857,9.77372169495
20080109,520476,16.6834449768,19.826461792,9.79974555969
20080110,520672,16.6706466675,19.8253326416,9.80339241028
20080111,521475,16.6513500214,19.9007263184,9.81616592407
20080112,521490,16.6441383362,19.7736206055,9.85350704193
20080113,521401,16.6608791351,19.7272644043,9.85606384277
20080114,521498,16.6821861267,19.6467132568,9.74662590027
20080115,522256,16.7234745026,19.7754364014,9.67381954193
20080116,524161,16.6884555817,19.791015625,9.79229927063
20080117,524538,16.640707016,19.6218719482,9.79999828339
20080118,525375,16.6293563843,19.51171875,9.73449134827
20080119,525429,16.6734714508,19.6472473145,9.72746562958
20080120,525522,16.627538681,19.6915740967,9.80666637421
20080121,525683,16.5680294037,19.6751098633,9.88657951355
20080122,526103,16.5111484528,19.7145385742,9.99095439911
20080123,526229,16.5430107117,19.6540527344,9.91131019592
20080124,526192,16.6183013916,19.6905212402,9.79830741882
20080125,526945,16.599855423,19.6261291504,9.79518890381
20080126,527314,16.586139679,19.565826416,9.81094169617
20080127,527058,16.592628479,19.7792663574,9.87378025055
20080128,527635,16.6359329224,19.8656921387,9.87437152863
20080129,528508,16.6533870697,20.0079956055,9.85886001587
20080130,528549,16.6952018738,20.1288757324,9.87659454346
20080131,528845,16.6616287231,20.0761108398,9.97169113159
20080201,528992,16.596868515,20.0532836914,10.0835323334
20080202,528676,16.6009311676,20.074798584,10.0852012634
20080203,528987,16.6465988159,19.939453125,9.99669265747
20080204,529407,16.6547470093,19.9016418457,9.91270637512
20080205,529528,16.6519680023,20.1125488281,9.91027164459
20080206,529120,16.7426586151,20.1460723877,9.86936569214
20080207,529782,16.7242527008,20.1126251221,9.87686634064
20080208,529742,16.7133636475,19.9353179932,9.83755970001
20080209,529423,16.7572803497,19.9457702637,9.75845241547
20080210,529085,16.8261489868,20.0690307617,9.72414588928
20080211,529174,16.8035469055,19.9863739014,9.75274372101
20080212,530227,16.7134284973,19.6548156738,9.8173828125
20080213,530822,16.5972652435,19.3707580566,9.94144535065
20080214,530331,16.5560836792,19.3192138672,9.96195793152
20080215,530669,16.6428413391,19.4059753418,9.82910060883
20080216,531037,16.6892089844,19.6153869629,9.75890445709
20080217,530811,16.5995559692,19.6812438965,9.88036632538
20080218,529946,16.5755558014,19.6823730469,9.92410755157
20080219,531416,16.5307559967,19.5953826904,9.95994758606
20080220,531730,16.5716648102,19.4030914307,9.92686462402
20080221,531089,16.6370563507,19.5514526367,9.95126628876
20080222,530598,16.6134395599,19.6882019043,10.0335550308
20080223,530302,16.5781154633,19.7295227051,10.0777759552
20080224,530500,16.5533275604,19.6724090576,10.0954408646
20080225,529824,16.5723228455,19.5780487061,10.0426101685
20080226,529441,16.6002960205,19.6506652832,10.0318965912
20080227,528967,16.7101593018,19.6969299316,9.96048545837
20080228,528719,16.75157547,19.7626647949,9.93173599243
20080229,528438,16.7329387665,19.6236114502,9.9475069046
20080301,528624,16.6447715759,19.6890106201,10.0953416824
20080302,528159,16.6452636719,19.8104553223,10.1358566284
20080303,528066,16.6769199371,19.6590576172,10.0508499146
20080304,528220,16.7413730621,19.5441589355,9.98274230957
20080305,528153,16.7520542145,19.5508117676,9.95049095154
20080306,527306,16.7404174805,19.6507415771,9.97212696075
20080307,527265,16.7601737976,19.7605285645,9.97840690613
20080308,526817,16.8413829803,19.8137207031,9.9336977005
20080309,526705,16.827167511,19.6889953613,9.91947746277
20080310,525933,16.8666591644,19.6379089355,9.9400138855
20080311,525651,16.8509426117,19.4576721191,9.91410064697
20080312,525780,16.9031047821,19.6152954102,9.91008472443
20080313,526271,16.9276409149,19.8105773926,9.92960643768
20080314,526013,16.9254074097,19.7534790039,9.89538860321
20080315,525653,16.9033203125,19.815032959,9.94796848297
20080316,525028,16.8816051483,19.8806915283,9.99636173248
20080317,524001,16.9180374146,19.8889465332,10.0173530579
20080318,524005,16.9146556854,19.8158874512,10.0414581299
20080319,523619,16.938451767,19.8135986328,9.98573684692
20080320,523717,16.9432029724,19.8080749512,10.0288686752
20080321,523451,16.8876018524,19.7881774902,10.149723053
20080322,523627,16.8622550964,19.7658996582,10.1489524841
20080323,522602,16.9177265167,19.866394043,10.1236028671
20080324,521794,16.8718109131,19.768661499,10.1090679169
20080325,521800,16.8864955902,19.8066558838,10.1322479248
20080326,521919,16.8659248352,19.7717895508,10.1324586868
20080327,521071,16.910615921,19.7625732422,10.0042943954
20080328,520982,16.9702510834,19.7631988525,9.93877124786
20080329,520983,16.985786438,19.8048400879,9.93600082397
20080330,520442,16.991394043,19.9993896484,9.96239376068
20080331,520322,16.9621963501,19.803604126,9.94237327576
20080401,520315,16.9099788666,19.6162109375,9.95306301117
20080402,519226,17.0214195251,19.5939483643,9.86505794525
20080403,519474,17.0642871857,19.5298919678,9.82432746887
20080404,519010,17.1092243195,19.6489715576,9.82171916962
20080405,518834,17.0830631256,19.8626708984,9.86828804016
20080406,518586,16.9893989563,19.8408966064,9.92516231537
20080407,518241,17.0236225128,19.806854248,9.87981891632
20080408,517678,17.1016674042,19.9145050049,9.8827457428
20080409,517341,17.0941772461,19.8780212402,9.89144706726
20080410,517555,17.0253486633,19.6753540039,9.90089988708
20080411,517475,17.0554981232,19.664276123,9.90303993225
20080412,517460,17.0910625458,19.663772583,9.89016342163
20080413,517355,17.1392269135,19.7102355957,9.81624984741
20080414,516602,17.1859359741,19.7420501709,9.81892585754
20080415,516095,17.1715774536,19.694152832,9.88507556915
20080416,516020,17.169670105,19.6886138916,9.80644798279
20080417,516042,17.1637153625,19.8339538574,9.88712787628
20080418,516500,17.0746021271,19.7650909424,9.9603843689
20080419,515837,17.0276317596,19.6343688965,9.8950176239
20080420,515500,16.9976482391,19.5096893311,9.91748142242
20080421,514760,17.0393428802,19.5313262939,9.94810390472
20080422,514401,17.0776405334,19.552520752,9.87439537048
20080423,514569,17.1292552948,19.7182617188,9.88213253021
20080424,513917,17.1566963196,19.6884155273,9.86234092712
20080425,513691,17.1832332611,19.6398925781,9.80815792084
20080426,513830,17.1342468262,19.6452178955,9.75617790222
20080427,513753,17.1283626556,19.6132507324,9.69725799561
20080428,513902,17.1713943481,19.5807189941,9.66233158112
20080429,513508,17.1872520447,19.5401611328,9.70791339874
20080430,513523,17.1608352661,19.4258422852,9.73136138916
20080501,514187,17.1169281006,19.3479919434,9.69254970551
20080502,513688,17.1212253571,19.2900085449,9.65962982178
20080503,512926,17.119966507,19.2962188721,9.71301651001
20080504,512060,17.1844463348,19.4445648193,9.75491523743
20080505,511771,17.2138328552,19.598236084,9.75371742249
20080506,511460,17.2472057343,19.6989135742,9.78473949432
20080507,511004,17.2469158173,19.6384429932,9.75149440765
20080508,510929,17.2163314819,19.6187438965,9.7964963913
20080509,510513,17.1751995087,19.6611328125,9.84474658966
20080510,510426,17.1322536469,19.701675415,9.86362743378
20080511,510699,17.0702457428,19.643157959,9.89985942841
20080512,510531,17.0426921844,19.5081176758,9.89357376099
20080513,510234,17.0471382141,19.3968811035,9.82664489746
20080514,510170,17.0713367462,19.3185119629,9.73762226105
20080515,509697,17.0868606567,19.4833984375,9.72193527222
20080516,509296,17.174413681,19.4934539795,9.65937232971
20080517,509016,17.1960086823,19.468460083,9.63368034363
20080518,508832,17.1566238403,19.4535064697,9.68473434448
20080519,509065,17.1511154175,19.4738464355,9.66454410553
20080520,509226,17.1834125519,19.6796569824,9.60256290436
20080521,509113,17.1850299835,19.6636352539,9.64236164093
20080522,508931,17.1861419678,19.5681762695,9.69452476501
20080523,508224,17.211894989,19.4724121094,9.56733608246
20080524,507807,17.2655544281,19.5353088379,9.49286842346
20080525,507429,17.2793712616,19.6231384277,9.55484294891
20080526,507411,17.2167263031,19.4907531738,9.539103508
20080527,507131,17.2713718414,19.4638061523,9.45117950439
20080528,507372,17.2826271057,19.3216094971,9.3956451416
20080529,507675,17.3097133636,19.2512817383,9.42483901978
20080530,507063,17.3343372345,19.3621520996,9.44262599945
20080531,506642,17.3121032715,19.3668518066,9.47260856628
20080601,506482,17.3055400848,19.3477783203,9.43793582916
20080602,506692,17.3343467712,19.4556427002,9.44738197327
20080603,507085,17.2787132263,19.4153442383,9.51379871368
20080604,506404,17.2924842834,19.3436279297,9.51909637451
20080605,506234,17.3628749847,19.5023651123,9.44021701813
20080606,505922,17.3306980133,19.5938110352,9.52056598663
20080607,505577,17.3321018219,19.4859924316,9.48564910889
20080608,505371,17.3187160492,19.3230895996,9.43981266022
20080609,505554,17.3532028198,19.4022521973,9.42083358765
20080610,506278,17.343536377,19.5319061279,9.45795536041
20080611,506272,17.3844661713,19.6316986084,9.43863201141
20080612,505604,17.38646698,19.7185211182,9.4494342804
20080613,504960,17.4083042145,19.7913513184,9.39318466187
20080614,504417,17.4347610474,19.700958252,9.34083175659
20080615,504559,17.4327125549,19.6385803223,9.34359741211
20080616,504516,17.4549255371,19.5696563721,9.32034778595
20080617,504629,17.4229984283,19.5315246582,9.35687828064
20080618,504319,17.4968643188,19.5390625,9.25221157074
20080619,503860,17.492855072,19.5819091797,9.25129985809
20080620,503890,17.4849414825,19.7226257324,9.27238559723
20080621,503865,17.4985675812,19.8116149902,9.3080739975
20080622,503985,17.4650974274,19.8088684082,9.38487243652
20080623,503906,17.4066543579,19.8132629395,9.47924518585
20080624,503411,17.3787918091,19.7094421387,9.47042369843
20080625,503644,17.4120826721,19.633895874,9.44982433319
20080626,503525,17.4007663727,19.7345275879,9.46381282806
20080627,503100,17.4467105865,19.838760376,9.36026954651
20080628,503334,17.4537277222,19.8254394531,9.29260540009
20080629,503771,17.489730835,19.8478393555,9.2503786087
20080630,504236,17.4914588928,19.8355865479,9.23827266693
20080701,503881,17.5364818573,19.7702331543,9.20266628265
20080702,503862,17.5402297974,19.7942199707,9.22410106659
20080703,503862,17.4959774017,19.8125305176,9.3126373291
20080704,502987,17.4883022308,19.7329101562,9.30932235718
20080705,502932,17.4566745758,19.60546875,9.31051445007
20080706,503095,17.3985137939,19.5413513184,9.3196849823
20080707,503513,17.4334392548,19.6793518066,9.30032348633
20080708,502862,17.5453033447,19.7032470703,9.17539310455
20080709,503353,17.5349636078,19.6878967285,9.14097595215
20080710,504339,17.512758255,19.6106872559,9.16332817078
20080711,504081,17.4894733429,19.6158752441,9.24242782593
20080712,504884,17.4727954865,19.6041564941,9.29661655426
20080713,504914,17.5422401428,19.6618652344,9.20665168762
20080714,505459,17.5160713196,19.6186523438,9.19775867462
20080715,504869,17.519985199,19.6448364258,9.14042854309
20080716,504869,17.5465431213,19.7020874023,9.20505619049
20080717,505335,17.5496692657,19.7744445801,9.26757907867
20080718,505099,17.6004428864,19.9317016602,9.28868579865
20080719,505228,17.6005649567,19.8965759277,9.27069377899
20080720,505611,17.546705246,19.841217041,9.33368301392
20080721,505146,17.5355262756,19.8708496094,9.33772182465
20080722,505823,17.5152664185,19.7714233398,9.27645111084
20080723,506325,17.5239028931,19.7603759766,9.23898506165
20080724,506808,17.5044727325,19.7110595703,9.23761940002
20080725,507486,17.4602661133,19.6183776855,9.24399757385
20080726,508376,17.464384079,19.7586212158,9.24272632599
20080727,509501,17.4519119263,19.7001953125,9.27823448181
20080728,509727,17.4803962708,19.6481323242,9.28019428253
20080729,508635,17.5501461029,19.728729248,9.24892044067
20080730,508542,17.559709549,19.9023742676,9.29518604279
20080731,508624,17.5287742615,19.8394317627,9.29438209534
20080801,508440,17.5522270203,19.8488311768,9.3089761734
20080802,509137,17.5285892487,19.8433532715,9.33212757111
20080803,510435,17.489648819,19.8499450684,9.36287021637
20080804,509921,17.4965572357,19.7003479004,9.34082603455
20080805,509544,17.5390930176,19.7168273926,9.32869911194
20080806,509865,17.5678329468,19.6974487305,9.33254528046
20080807,510177,17.5537700653,19.6851501465,9.35566139221
20080808,509865,17.5721378326,19.8162536621,9.33442878723
20080809,510041,17.5899791718,19.7948913574,9.29986000061
20080810,510144,17.5436973572,19.7358093262,9.35638904572
20080811,510153,17.53840065,19.752166748,9.35376930237
20080812,510402,17.4989547729,19.6278076172,9.35589122772
20080813,509977,17.4631347656,19.7351074219,9.42107963562
20080814,510506,17.4457607269,19.6510620117,9.42971897125
20080815,510698,17.4940776825,19.7296905518,9.41027736664
20080816,510867,17.5628433228,19.7874450684,9.33291435242
20080817,511573,17.5102043152,19.6476745605,9.32882976532
20080818,512215,17.4694595337,19.5387878418,9.30705738068
20080819,512103,17.4811172485,19.4914855957,9.33277606964
20080820,512792,17.4478054047,19.4195861816,9.39046287537
20080821,512876,17.4759616852,19.5691223145,9.36156177521
20080822,512820,17.4934444427,19.6036987305,9.32755565643
20080823,514341,17.4303035736,19.5257873535,9.35995960236
20080824,514974,17.3776893616,19.3902282715,9.39877796173
20080825,515379,17.3435001373,19.254119873,9.38251781464
20080826,515358,17.3861236572,19.1199035645,9.35033988953
20080827,516025,17.31939888,19.0840759277,9.3531036377
20080828,516608,17.2611808777,19.1333312988,9.45576095581
20080829,516237,17.2325572968,19.1378479004,9.56717777252
20080830,515272,17.2381153107,19.1172485352,9.55231189728
20080831,515113,17.2757110596,19.1467590332,9.4935092926
20080901,516492,17.2542419434,19.0828399658,9.52145004272
20080902,516679,17.2277469635,19.2079162598,9.56980609894
20080903,516439,17.2110061646,19.2340393066,9.55712413788
20080904,515780,17.3033828735,19.3216094971,9.45222949982
20080905,516537,17.3269329071,19.4320678711,9.44387149811
20080906,517096,17.2977542877,19.3157348633,9.48507118225
20080907,516654,17.3482685089,19.364944458,9.4609041214
20080908,517158,17.3016529083,19.2678833008,9.51266860962
20080909,517143,17.3087368011,19.138458252,9.47948074341
20080910,517929,17.2675895691,19.0679626465,9.48803806305
20080911,518758,17.208902359,18.9028625488,9.55384159088
20080912,518399,17.2069168091,18.9514465332,9.54027843475
20080913,517563,17.1769390106,19.0043945312,9.58511447906
20080914,517469,17.1823806763,19.101776123,9.57411956787
20080915,518522,17.1405181885,19.1836853027,9.61440086365
20080916,519226,17.1393470764,19.0464324951,9.57501602173
20080917,519268,17.1037483215,18.8757171631,9.57392597198
20080918,518338,17.0637302399,18.8772277832,9.56543445587
20080919,517307,17.0587081909,18.9789123535,9.59348201752
20080920,517273,17.0277233124,18.9683532715,9.58720397949
20080921,517309,17.1113929749,19.0145568848,9.54387664795
20080922,517012,17.1092433929,19.0739746094,9.58194828033
20080923,517095,17.0365066528,18.9582214355,9.60268115997
20080924,517736,16.979631424,18.8492126465,9.63333129883
20080925,517566,16.9542503357,18.712677002,9.64668083191
20080926,516609,17.0030269623,18.7496948242,9.58757305145
20080927,516181,17.0259056091,18.9020080566,9.58847808838
20080928,516789,17.008846283,18.9067077637,9.61531448364
20080929,516146,16.96443367,18.969543457,9.70131015778
20080930,515857,16.9621200562,19.132598877,9.74879169464
20081001,514826,17.0083999634,19.1685943604,9.72407531738
20081002,514090,17.0037689209,19.1777648926,9.73337841034
20081003,513501,16.9702072144,19.2004699707,9.7348613739
20081004,512787,16.9750404358,19.1390686035,9.77077484131
20081005,512531,16.996006012,19.213470459,9.7587594986
20081006,511606,17.0394248962,19.248336792,9.72050285339
20081007,511723,17.0715618134,19.149017334,9.69839572906
20081008,511026,17.1811275482,19.3398590088,9.58307933807
20081009,510017,17.2392787933,19.2740478516,9.49734401703
20081010,508847,17.2634010315,19.0735473633,9.49443817139
20081011,508536,17.231388092,18.9710540771,9.51563262939
20081012,508333,17.1632900238,19.064453125,9.63529872894
20081013,506796,17.1906147003,19.1647644043,9.63147258759
20081014,506368,17.2570552826,19.5152893066,9.59742736816
20081015,505488,17.3310623169,19.6414642334,9.56327152252
20081016,504862,17.3625469208,19.6340637207,9.59496116638
20081017,504210,17.3692245483,19.6097259521,9.5838508606
20081018,504192,17.3688755035,19.5111694336,9.60754203796
20081019,504180,17.2916679382,19.4449157715,9.6643819809
20081020,503700,17.2751865387,19.4294128418,9.6619720459
20081021,502962,17.3179798126,19.4409179688,9.6067276001
20081022,502744,17.2934799194,19.3243103027,9.60564422607
20081023,502735,17.2248287201,19.3536376953,9.6624250412
20081024,501869,17.1967201233,19.3706665039,9.63834476471
20081025,501115,17.2384662628,19.3137207031,9.51752090454
20081026,500771,17.3237190247,19.391998291,9.41263580322
20081027,501034,17.2726917267,19.3785705566,9.48437309265
20081028,500618,17.2493686676,19.3261566162,9.45919799805
20081029,500126,17.257648468,19.1949615479,9.45770168304
20081030,500057,17.2832241058,19.3383178711,9.41793060303
20081031,500126,17.265789032,19.4396057129,9.45978355408
20081101,499350,17.3430786133,19.3929138184,9.36346244812
20081102,498880,17.2831459045,19.4212188721,9.44608211517
20081103,498816,17.2236442566,19.4776916504,9.51279258728
20081104,499372,17.2277774811,19.2475280762,9.532995224
20081105,499417,17.2097034454,19.2680053711,9.55976772308
20081106,498701,17.3038387299,19.4389648438,9.4819355011
20081107,499073,17.3452377319,19.5797424316,9.50640010834
20081108,498890,17.3429393768,19.5875396729,9.49010848999
20081109,499075,17.3273200989,19.5389709473,9.45907306671
20081110,499147,17.3711147308,19.5267028809,9.38319396973
20081111,498891,17.3153629303,19.4016418457,9.42808914185
20081112,499221,17.240436554,19.2557678223,9.48510551453
20081113,499325,17.2452201843,19.2045593262,9.46572113037
20081114,500177,17.2243595123,19.1827697754,9.52452945709
20081115,500729,17.1714878082,19.3093566895,9.5688495636
20081116,501034,17.20844841,19.3838043213,9.59319877625
20081117,501480,17.2185268402,19.3577575684,9.52154541016
20081118,501333,17.2120628357,19.3788146973,9.50639629364
20081119,501311,17.1692295074,19.1983337402,9.50194358826
20081120,501512,17.0335998535,18.9505767822,9.5019826889
20081121,501697,17.062953949,19.1429443359,9.50507450104
20081122,501817,17.1246910095,19.242401123,9.50635910034
20081123,501952,17.0947494507,18.9918060303,9.43189048767
20081124,502120,17.0766124725,19.0715332031,9.46663188934
20081125,502474,17.0578422546,19.3547363281,9.53776836395
20081126,502538,16.9862480164,19.2725830078,9.61660003662
20081127,502331,16.9696331024,19.2145080566,9.57555580139
20081128,502845,16.970079422,19.2034301758,9.57648849487
20081129,503922,16.9758148193,19.2984161377,9.57171535492
20081130,503681,17.0163726807,19.3941345215,9.48381996155
20081201,504146,17.0430622101,19.5126647949,9.44997501373
20081202,504326,17.0698375702,19.4572753906,9.39598846436
20081203,504064,17.1384887695,19.4892883301,9.36062049866
20081204,504323,17.1510620117,19.370880127,9.36336898804
20081205,504352,17.1102199554,19.3274078369,9.36605072021
20081206,504711,17.0668144226,19.422454834,9.45842456818
20081207,505054,17.0639610291,19.6853027344,9.46477508545
20081208,505341,17.0750751495,19.5763244629,9.39692115784
20081209,505606,17.0598735809,19.490447998,9.40460205078
20081210,505888,17.0963172913,19.6215667725,9.47233295441
20081211,506466,17.1148586273,19.6206817627,9.44537830353
20081212,506949,17.0671901703,19.6231994629,9.50569820404
20081213,507400,17.0784702301,19.6756286621,9.48607254028
20081214,507337,17.0768432617,19.6712036133,9.47404670715
20081215,507981,16.991394043,19.593963623,9.55644512177
20081216,508544,16.9916687012,19.6481018066,9.49834728241
20081217,508833,17.0513763428,19.7525634766,9.49355888367
20081218,509731,16.9915390015,19.7820739746,9.60987758636
20081219,511375,16.8854236603,19.5158996582,9.69456386566
20081220,511743,16.8676738739,19.5575866699,9.72579097748
20081221,512000,16.890296936,19.5864257812,9.72549438477
20081222,512146,16.8757534027,19.5586242676,9.75814056396
20081223,512934,16.8351211548,19.4693603516,9.75389099121
20081224,513393,16.8492412567,19.4122619629,9.69983577728
20081225,513571,16.9404563904,19.4541625977,9.63399028778
20081226,514560,16.879119873,19.3473968506,9.6953792572
20081227,515208,16.7522830963,19.3104705811,9.79476165771
20081228,515406,16.8330516815,19.400390625,9.69382762909
20081229,515364,16.9480495453,19.5994720459,9.66298675537
20081230,515945,16.9059772491,19.8254699707,9.83086013794
20081231,517258,16.822271347,19.7831726074,9.89966106415
